"date","date2","Overall UK ONS CPIH","Overall UK Micro CPI","London","South East","South West","East of England","East Midlands","West Midlands","Yorkshire and the Humber","North West","North East","Wales","Scotland","Northern Ireland"
199704,1997-04-01,2.1,1.45402392642391,1.54579573777547,1.35186979036468,1.09105597635752,2.0351094838486,1.00806719512585,1.89413015931685,1.63905072869954,1.4046922143278,1.45649963868841,1.2728478983788,1.89127813263652,0.805416699544903
199705,1997-05-01,2.1,1.55137360696533,1.56050494506472,1.32495585545134,1.28404956567192,1.94780631538634,1.21172047607041,2.21318627243641,1.9669626340207,1.59374783357333,1.5542957562338,1.45918284169508,1.9043020950009,0.486532882945889
199706,1997-06-01,2.1,1.55745733263837,1.70960184613915,1.5474722715286,1.23020244195378,1.86435495552069,1.40653984949057,2.12976910765108,1.86849824494066,1.54194019194605,1.4732396497698,1.29455872676163,1.88506103399777,0.663282903661089
199707,1997-07-01,2.4,1.74412500515089,1.98827565928883,1.75792969031139,1.6141289587652,2.19342936243478,1.56363490711897,2.35183270858383,1.93170629084882,1.64250792846823,1.48096944549105,1.64332951952793,1.94380188292729,1.28692567690127
199708,1997-08-01,2.3,1.93480598224234,2.03228461733089,1.96648370435224,1.75690237699269,2.3449282514002,1.63651548991546,2.54459616573197,2.20986586995917,1.76450308373093,1.59625940702091,1.60809756277589,2.27855244448227,1.72208210290454
199709,1997-09-01,2.2,1.85754725342944,1.901120987792,1.86260701210823,1.73701187493303,2.09201680661715,1.47059061661832,2.51250077845793,2.07073875390458,1.77068355738472,1.82596686632386,1.46518708571235,2.11472228098473,1.57596103852333
199710,1997-10-01,2.2,1.84155659633725,1.85455932689267,1.72630939512517,1.76187023036805,2.23594475715339,1.6742108455045,2.58389360593636,2.10759129962828,1.76001646275326,1.65244404145206,1.73960901328198,2.02284571514533,1.46823240451925
199711,1997-11-01,2.1,1.80270506278721,1.75192260337038,1.82902347889642,1.61422176336743,2.20282548597333,1.578958703058,2.3122331474791,2.023315591942,1.67955373435933,1.70460833406776,1.49597389191642,2.07304304292462,1.27800250334917
199712,1997-12-01,1.9,1.5211143838334,1.45798134404389,1.57855573238628,1.37051454852843,1.65722898280534,1.29511849540529,1.89449097159426,1.71073052027499,1.44079164345066,1.45680012785943,1.2605768528499,2.01108957519271,0.908754173528536
199801,1998-01-01,1.8,1.19023142531829,1.19679057528204,1.24037674092889,1.22049129687534,1.31122749828667,0.882563841461415,1.55790167244625,1.25004737311738,1.16942658330283,0.896175401326382,0.91465733463254,1.40321709488087,0.913201117206386
199802,1998-02-01,1.8,1.58699477231961,1.46479975564646,1.70156007688931,1.88557550154247,1.26647530350723,1.31211582390631,1.49745216562522,1.83800720196186,1.40252037503099,1.30566364198379,1.48075123702789,1.54416542451885,1.60170643193229
199803,1998-03-01,1.9,1.65856187126319,1.56931244402221,1.67824119503266,1.74270482838261,1.44241826294802,1.53959040458602,1.50220319355392,1.8215219094772,1.4581597650134,1.45386275385684,1.4814713059,1.71299004529408,1.83609121158435
199804,1998-04-01,2.1,1.9542153801263,2.03720966786827,2.0693788327689,2.07868034373631,1.75972114197289,1.8467169648714,1.83361162507925,2.07585935095813,1.84902054303544,1.72403125360867,1.72479258253391,1.84227451484817,2.12666267231354
199805,1998-05-01,2.2,2.17230302479736,2.14683373757052,2.38334481126448,2.10449312446972,1.99242412227272,2.39378026018688,1.85515201385371,2.07661744273608,2.03696899721377,2.06434197905601,1.88264319899238,2.09801793777586,2.48811556854656
199806,1998-06-01,1.9,1.82512900247236,2.06439422847498,1.94313198557248,1.72771661476121,1.52055546328722,1.67996189670805,1.61935367503303,1.7776393523671,1.70111287946615,1.63951170162793,1.53770732060972,1.77645873396906,2.37689613612571
199807,1998-07-01,1.7,1.49912933992915,1.78885825339132,1.68112834704204,1.51889929822218,1.17281783879675,1.24240125060093,1.37642391704296,1.52562068448137,1.42647564057583,1.2231581536106,1.17593444914004,1.20265327930174,1.57908914115577
199808,1998-08-01,1.6,1.36565303582388,1.68258215656709,1.45644265771574,1.3167293118227,1.24301935433766,1.31433513287,1.14904411637928,1.43464821820189,1.36112687111221,1.2014077645635,1.08427592876676,0.983004009073651,1.17552879779002
199809,1998-09-01,1.7,1.15938193004512,1.3980751535315,1.18172901559521,1.17028631590632,1.0517677766839,1.23584850659819,0.873716434638072,1.24299986818452,1.09880266744391,0.927221335869266,0.90219040117645,0.87757357109417,0.897785121762618
199810,1998-10-01,1.6,1.18626411339484,1.5114832804531,1.23416752475012,1.18674431098951,1.06326375633947,1.20973405501346,0.913147782119483,1.2114846109573,1.14058449964847,0.813384496519198,0.65143132281853,0.987999608502044,0.664992928525932
199811,1998-11-01,1.7,1.04389961566378,1.32027371325396,1.08161168026826,0.984805727102445,1.0479977996062,1.25773672511731,1.12617531430597,1.1055399369188,1.05398368148726,0.779251144121096,0.535778023194067,0.61800665121241,0.647596997044375
199812,1998-12-01,1.9,1.16848432573533,1.43930987573844,1.35537055975739,1.08476329925751,1.36992595737593,1.26273096363974,1.39926251789888,1.32939364870146,1.31432626719215,0.77248316940588,0.5335157602262,0.304589903336216,0.646377603851556
199901,1999-01-01,2,1.51944818605119,1.59847739263494,1.706827847223,1.61223534988459,1.36775393008528,1.38644647515522,1.39129211806652,1.66321656241879,1.65642107609494,1.65159671049004,0.912207035627088,0.851135434195593,1.7971177340566
199902,1999-02-01,1.9,1.19757965760439,1.56995558993536,1.27110384450222,1.12163001398708,1.45291893168471,1.17021344245338,1.35980151502155,1.24714114710391,1.58343924485216,1.44466260000731,0.474289392430149,0.582819922152766,0.923182854489668
199903,1999-03-01,2.1,1.69631639776415,2.00206116184458,1.86397996925987,1.87072725373052,2.15347398697134,1.82631791913972,1.70271025685069,1.59841182052842,2.11722145281799,1.75755869210359,0.988356268826562,1.11176802953377,0.907442112529155
199904,1999-04-01,2,1.43491369181614,1.57759011851306,1.47995826425342,1.64220463914351,1.28311265891359,1.57370918976598,1.56245024798083,1.59595810392335,1.67253115918382,1.69347896348828,0.80911379754387,1.0201167416557,0.816240685097314
199905,1999-05-01,1.7,1.20749883191442,1.39167972370482,1.26760019474235,1.49304314052512,1.08458551323127,1.33732676173033,1.38402870630268,1.25276090718713,1.31242806060705,1.45894597719642,0.617248270100079,0.810323583828554,0.546408701382561
199906,1999-06-01,1.8,1.32549033104961,1.29956380221248,1.41105411536502,1.58771461639684,1.51373785487348,1.68012879917128,1.36212291188555,1.21882557099884,1.53423197441909,1.56514298888339,0.805398034704408,1.06809918677915,0.594958425309544
199907,1999-07-01,1.7,1.32292056403278,1.50583645326507,1.48288010672055,1.39554633159091,1.19546374868953,1.47153782594793,1.28267985548574,1.16133949718709,1.40990985706146,1.73114023210066,0.820679448682693,1.2385003885701,1.10078548719534
199908,1999-08-01,1.6,1.35439937979811,1.69959382368308,1.4591130959491,1.36872937524188,1.20769607719953,1.32233906845047,1.3309395535084,1.22194095357731,1.62820360549438,1.90885544325725,0.644080867448782,1.1457564324272,1.59110367662816
199909,1999-09-01,1.6,1.38774929472847,1.59947319994498,1.57942596669944,1.45286283698902,1.47722274080238,1.48289907710855,1.32632515007682,1.337971612802,1.66473158609581,1.86564350517109,0.685677976275567,1.19226649797248,1.44947370695006
199910,1999-10-01,1.5,1.27566343966692,1.57628323353181,1.60976973743183,1.4955306041033,1.14892326634763,1.40788085999703,1.02483239677857,1.20351720551151,1.52774618402163,1.55803644835986,0.621155197439771,1.00517154151456,1.50476466106588
199911,1999-11-01,1.5,1.29772898572675,1.57260421415224,1.52682707315526,1.6228541032743,1.07294103282565,1.53512046904321,1.11936380803974,1.25892187593384,1.70467879496941,1.68770272296905,0.874782256005524,1.07748081486143,1.61165376706718
199912,1999-12-01,1.5,1.29529215097279,1.61072581214026,1.44023566908462,1.39445896502823,1.11136474140272,1.67494991292167,1.09339987789052,1.22803920832069,1.52089353593536,1.78253870014877,1.30996919363391,1.32417942065766,1.19909435045324
200001,2000-01-01,1.2,0.626713462734441,1.17579352794124,0.889405320415637,0.808904198572957,0.322757362024428,1.24302169867572,0.500872656890139,0.432568795686183,0.83447156795029,0.542024365629046,0.42593295665172,0.408456878447683,0.224208698207273
200002,2000-02-01,1.2,0.973686191136913,1.45108526029332,1.29261526377382,1.19116147845859,0.352590022747612,1.29468898181633,0.494840274104558,0.292365487683877,0.711024012403194,0.19794162486495,0.597326811606957,0.639418479219533,0.743761498235673
200003,2000-03-01,1,0.52573380878338,1.22282617575948,0.664323793826838,0.457194770107683,-0.411480005037368,0.875389689912898,0.26345573769726,0.0595327281523117,0.334366282620069,0.150621553561181,0.164374985815363,0.030894127719816,0.696257183534654
200004,2000-04-01,0.9,0.863598295817369,1.53422854883016,1.14423024206278,0.875410430879464,0.221478176522893,1.40929489158539,0.451898403985207,0.146018648916768,0.63881790212883,0.284715323058626,0.554067861912144,0.350534793968671,1.00095506853679
200005,2000-05-01,1,0.677899782856661,1.31485518752505,0.993570288857315,0.591808975935848,0.26762109079308,1.07893828127568,0.468657138169482,0.0440134738073805,0.400538198802192,0.122790954011487,0.260500000390351,0.119448796670119,1.10718023570509
200006,2000-06-01,1.2,0.952233690886284,1.78287285774061,1.37933960016248,0.874826633378545,0.69362157608468,1.0746246973194,0.613445622205977,0.360522133485386,0.623218932897673,0.259838322216877,0.466836898468093,0.247054685001991,0.970477656341173
200007,2000-07-01,1.2,0.690376101824808,1.38830498671962,1.10450814491156,0.94599543131455,0.496351850948473,0.995712215443501,0.342156576844688,0.03975662536706,0.419360655366319,-0.215382025713695,0.250104598401912,-0.0398425845628658,0.492099854143446
200008,2000-08-01,1,0.348116630521833,0.743738431440644,0.666148818329138,0.499247197364761,-0.0666449539190928,0.794199389171024,0.160617780051919,-0.272313007691904,0.175229137681132,-0.817044897875552,0.327125416250307,-0.176417115688776,0.208631043933472
200009,2000-09-01,1.3,0.63804260845286,1.0538075583977,0.908308672611047,0.951840356664269,0.282662738937955,0.820250614647366,0.706919390417693,-0.107241304350525,0.272125544432633,-0.293473841028791,0.391080810202027,0.0920473751867323,0.509337508723107
200010,2000-10-01,1.4,0.711491011963505,1.105088718345,0.935802471552605,0.846023504865334,0.266332436264904,0.890061454025526,0.823768522590052,-0.0739002786630083,0.37311455974125,-0.185265897363351,0.60144717792554,0.141476428609799,0.701390579224581
200011,2000-11-01,1.5,0.99146034833526,1.44702767190932,1.20767652130602,1.12037271035743,0.625131594950545,0.959188054273596,0.888254703142,0.309197939574357,0.429965150310929,0.14295563168476,0.913602460808205,0.463477183120009,0.932941801436571
200012,2000-12-01,1.2,0.708347897656214,1.09760335315054,0.879488439938747,1.00816054379178,0.450007030459054,0.703610372127517,0.718107071391172,-0.0696757236271162,0.179463210912068,-0.283067150563443,0.351320177035341,0.208264453170681,0.979055211136259
200101,2001-01-01,1.2,0.614650356782942,0.963887026237042,0.889442258542461,0.582965617260967,0.237691974264309,0.600485276086671,0.739990917218702,-0.0354067885215748,-0.0321567033189085,-0.410658535481701,0.531204660613116,0.178836405687965,0.883342338941739
200102,2001-02-01,1.2,0.544088005498167,0.693286619053657,0.591982889803666,0.583311415973276,0.348384496861298,0.706097645307602,1.08936936933208,0.24587750592433,0.543352566073318,0.281558696709872,0.499251610588325,0.244896781335036,0.752755635717284
200103,2001-03-01,1.3,0.730972900561278,0.87468232547312,1.02741606412815,0.777860510999484,0.374909032274928,0.92435810361633,1.03846884213201,0.485121525122079,0.635749222843041,0.179724574681006,0.748560726292746,0.252394381119614,0.682617645033678
200104,2001-04-01,1.5,0.354818701295034,0.470262295092416,0.665095886712552,0.44195510904006,0.113413945930962,0.270532885466968,0.744776183277351,0.135229985273533,0.260099310069406,-0.0695756150750348,0.190606179706632,0.0318418920148389,0.115101157461384
200105,2001-05-01,1.9,0.74683154876023,0.957472333128373,0.95690888566653,0.903036627035791,0.471025690814697,0.649865889100232,0.976005856868278,0.526536069011985,0.800050677834929,0.33698819048944,0.619948848245055,0.442133230032171,0.262605026649876
200106,2001-06-01,1.9,0.604326682457978,0.684501093477508,0.65391360098761,0.792581941830117,0.0831850465612849,0.737291752108837,0.94641170420291,0.508760260257102,0.695387980291029,0.337344818241259,0.587919568570294,0.155024895529277,0.533095049062138
200107,2001-07-01,1.7,0.394526662822337,0.271291069831481,0.197405203600698,0.618710009474222,0.256488468271443,0.710083131260975,0.907468546823553,0.174412881917729,0.295938446768695,0.20376441769907,0.435993230195453,0.0873055901835285,0.449654447500558
200108,2001-08-01,2.1,0.705413640303565,0.721717151246604,0.725014904010246,0.935321660382038,0.574636653954785,1.0265781846609,1.02423467417947,0.416371108871161,0.47173974846535,0.681850296365427,0.501075300809228,0.452628124156162,0.523419881000398
200109,2001-09-01,1.7,0.54756120739452,0.594708666072141,0.671243420956613,0.417108773008223,0.162329426759866,0.934000342447505,0.697720887341458,0.242746191030263,0.667251593899443,0.252807179508685,0.454984544338988,0.270599916280312,0.443611854817894
200110,2001-10-01,1.6,0.448776801605821,0.348125394619103,0.444726206619084,0.54038108370329,0.291379559041127,0.72842991173705,0.745506402740848,0.242964129146306,0.525684083936317,0.363272219116628,0.481617751827801,0.169167332253939,0.0963683001548032
200111,2001-11-01,1.2,-0.0758650575633846,-0.0899123458439233,-0.0438159728112231,-0.0592111084737668,-0.223651128643165,0.377142678586928,0.119337375080342,-0.457467586190752,-0.129899086411733,-0.478936114426365,-0.182588068794975,-0.390245845649373,-0.311208432577847
200112,2001-12-01,1.4,0.0156346846780675,0.0864551788385404,-0.1268264691625,-0.0171074674364391,-0.186525619091482,0.413165747726008,-0.00240951237099329,-0.289363759559791,0.0998274549137923,-0.324655877775826,-0.177165918618971,-0.213103747701959,-0.178914335215208
200201,2002-01-01,1.8,0.754325947982548,0.560826885136745,0.609357092455287,0.938360653261028,0.919669200487272,1.32016547349576,0.913579100211481,0.487873899122149,0.70002919826786,0.691258824042773,0.521681996769163,0.136009420393157,0.165843564199908
200202,2002-02-01,1.7,0.379973278304346,0.150400071315571,0.565666321801372,0.555395344543763,0.712020093699417,1.05137684604295,0.542123569017416,0.0379758020996102,0.0405529109392067,0.013270222104822,0.0623154897744449,-0.211997741791592,0.215803843931073
200203,2002-03-01,1.7,0.243145142227053,-0.00566623554909551,0.194794987832481,0.50669302910773,0.835202970989557,0.877238851100803,0.666386785369011,-0.298334987144,-0.136716787366509,0.0797565638475994,-0.10786825036605,-0.0659633626001632,-0.042151473226959
200204,2002-04-01,1.6,0.265823828125988,0.0010732857623541,0.223527960982772,0.466963338559312,0.756740428131208,0.869714597711879,0.738459833724092,-0.329615010414053,0.0756215194683607,0.0134079362104522,-0.291959230541761,-0.0620296324222669,0.314092298578217
200205,2002-05-01,1.2,-0.0575323550478846,-0.253015778661869,-0.0912916420315657,0.215163978485799,0.32391589935552,0.440337583530459,0.362751793790328,-0.644501201137349,-0.267289397534454,-0.592684516851072,-0.329000127053769,-0.416710147881916,-0.028859297146222
200206,2002-06-01,1.1,-0.410197813489832,-0.706913245105734,-0.427631994216504,-0.115182722260188,0.00731340295967442,0.0227363301872785,-0.0104990737382793,-1.08521587825073,-0.459327420858557,-1.05771275262343,-0.843417221749976,-0.694216525717495,-0.181601604469905
200207,2002-07-01,1.4,0.226121201448226,-0.110661541625978,0.342691378556603,0.481274839468115,0.476556920856175,0.461024145335531,0.470501619439667,-0.0997487345417492,-0.00642466704572353,-0.183778459614348,-0.266592412559485,-0.272450088476384,0.0816540278908429
200208,2002-08-01,1.3,0.0597715290231227,-0.217816252046932,0.200660692105892,0.319987542663513,0.399199063603772,0.268713122985464,0.496688047200911,-0.488742495429684,-0.220556834366836,-0.342795613515101,-0.401411474031976,-0.703411512192142,-0.158495355660626
200209,2002-09-01,1.2,0.126629299213565,0.00714660939089562,-0.0175423187611212,0.428858355513517,0.46465545295673,0.324638499558949,0.461669506111018,-0.333824261752902,-0.138394534699227,-0.178264368249625,-0.251542270177452,-0.517917020080616,0.0782790172666914
200210,2002-10-01,1.5,0.194322666499502,0.0273887670203976,0.206376980619272,0.475642858527614,0.441701408030659,0.489919479010603,0.405239819206971,-0.274090179385555,-0.100475826839086,0.0270057304755156,-0.360786622376885,-0.337570921254204,0.103274474814441
200211,2002-11-01,1.6,0.505718467737148,0.236649780790277,0.567988878248848,0.700150134588395,0.756483001780439,0.6590027471294,0.686504169254998,0.146824593926964,0.389498057718018,0.301779152019432,-0.217774767455947,0.0626611799827925,0.413272184220181
200212,2002-12-01,1.7,0.400548734692707,0.105568881514628,0.471882188671269,0.655378488347558,0.700735873009894,0.576453907466323,0.727520365836831,0.118953249469689,0.124258733637173,0.294042249688986,-0.249377788807725,-0.154984849404805,0.245488539125516
200301,2003-01-01,1.4,0.490997322267095,0.210447187076057,0.710295821194129,0.772885566910886,0.804782504572032,0.498448159618459,0.646866690793391,0.148302961853952,0.25368390032019,0.290150200194161,-0.408017228541435,0.246127524204853,0.945948547565889
200302,2003-02-01,1.6,0.821773998026987,0.561100279096305,0.790391005797408,1.10068359027478,0.775268165376453,0.858747098320078,0.896237108616194,0.499254631616486,0.722152591014869,0.829151125483762,0.301915565197763,0.440974432845254,0.602050914937102
200303,2003-03-01,1.6,0.914947535309496,0.475916837626555,0.973811018414805,1.04902285799318,0.989362646502667,0.820010884662903,0.775255086953197,0.840519907793946,0.918061375841406,0.737351426751554,0.661875346379226,0.517785392678793,0.932427287380144
200304,2003-04-01,1.5,0.794616524452896,0.533490622747479,0.852649031071184,1.0065080150143,0.984108002914308,0.690077358321561,0.599143610350206,0.848557805337635,0.743951212643634,0.454274995162396,0.765475381138536,0.368198030303479,0.56778301167264
200305,2003-05-01,1.3,0.63672793380305,0.308942478168261,0.73715801794374,0.79025597337592,0.810005337521491,0.656644987721289,0.382509885952254,0.544536785336991,0.60652855095098,0.382502068281521,0.63685656916137,0.179485437992133,0.784632477388159
200306,2003-06-01,1.2,0.865670399116714,0.709333311747939,1.12426311478306,0.989846486266877,0.916891169067058,1.02787425754993,0.598722550861552,0.710493546728364,0.604311145138769,0.750693417730175,0.927561871098015,0.296653346294073,0.780045834272247
200307,2003-07-01,1.3,1.08262642864325,0.950911996707937,1.18349356389928,1.07465961874895,1.31687576761399,1.4138984775774,0.64558942994597,0.974350474612518,0.895204143614725,1.03288648471003,1.19509507584012,0.680766064377925,1.44333875116884
200308,2003-08-01,1.4,1.32304211220409,1.07142439270462,1.42138635749263,1.44784558071691,1.53409998074547,1.67798729682811,0.958345568393426,1.34344227682466,1.5271277942982,1.12475608103151,1.58766873656451,1.1536399390438,1.41883679373356
200309,2003-09-01,1.3,1.16920579840771,0.953247023448323,1.47786695676602,1.2925389568758,1.37554201223962,1.52072333221556,0.947694742769722,1.18862506415924,1.15513111925458,0.7611715373262,1.48539383153352,0.844731512998287,1.26612210242072
200310,2003-10-01,1.3,1.2959495739618,1.1073634760502,1.42918107057857,1.43293273677458,1.55102926792128,1.71985883632162,0.982800429809583,1.38828336964074,1.17807296699799,0.925657124280854,1.69495905468615,1.01372597507969,1.38016696251768
200311,2003-11-01,1.3,1.31142101087733,1.10256605451564,1.42518990882368,1.536006119974,1.50824420572933,1.55250654726213,1.12932055663708,1.30144157103411,1.22143506007444,0.94050075572456,1.77773992613377,1.12088264451773,1.4041811444605
200312,2003-12-01,1.3,1.37986147500448,1.15902276139377,1.4696058509611,1.56296457091978,1.44084687749391,1.7072024982681,1.10286616497286,1.32984898785755,1.45764738468959,1.09485646938725,1.82244354602106,1.24552448540254,1.34038388063644
200401,2004-01-01,1.5,1.41483296741203,1.06690197289596,1.26886111235203,1.52281971391208,1.5109713765102,1.93648141370739,0.823735839744644,1.48817418625931,1.40504869465048,0.954763404319459,2.26805994372734,1.55431241379071,1.44961341587915
200402,2004-02-01,1.4,1.05005276291583,0.900016967744266,1.04947117897627,1.27145611980077,1.28000163662267,1.47723526870516,0.608672273766153,1.03665133581901,0.950242363443299,0.370585899043552,1.6058409379079,1.15546139465486,1.02596348295403
200403,2004-03-01,1.2,0.88240899429215,0.779313591644848,0.783363564110928,1.11519883556666,0.966140188050613,1.26779654322786,0.535947162078232,0.897111898564429,0.878223906174713,0.380553847625542,1.15309756818052,0.899194940437864,0.638235004801979
200404,2004-04-01,1.1,1.05881999062818,0.796576700432583,0.766707475098083,1.16767581560295,1.12994248143989,1.56003000677827,0.668180712929733,1.10035134774109,0.985932190960792,0.542165448279897,1.26251286103385,1.17474043226089,1.31217641082351
200405,2004-05-01,1.4,1.23723157029592,1.0023219506516,1.07345403697687,1.29545272043132,1.26366897226431,1.63536147294445,0.917914762909566,1.47582354738622,1.17344012229958,0.840885353510745,1.07335221419318,1.39872917128501,1.20178352294229
200406,2004-06-01,1.5,1.19438563344334,0.823838973883628,0.94186776903904,1.44220630742526,1.15732827218444,1.49129786416664,1.0160221713003,1.5016905560534,1.25122611418762,0.66649846944129,1.1717620122538,1.36921997398565,1.2069825220435
200407,2004-07-01,1.4,0.96483226384696,0.697783168188204,0.778458023862183,0.874613357500853,0.766521477778626,1.1880412584744,0.819854549719023,1.18298990790433,1.24129788089229,0.468049212096777,0.998913011185221,1.33407280224718,1.02703114004858
200408,2004-08-01,1.4,0.76662802240508,0.485033446336969,0.587161617453802,0.654460201990514,0.525026147533558,0.966980046809951,0.48605660745531,0.988118695933027,0.795070226083738,0.311833567761788,0.644147565351161,0.964123344395884,1.00466460766373
200409,2004-09-01,1.2,0.729455716397998,0.309138845776458,0.611407245595674,0.767331206887745,0.467355474925135,0.952089498755693,0.483510593021808,0.962626145722112,0.837967755324032,0.347868507556437,0.421857359311817,0.818577800356635,0.874443622839771
200410,2004-10-01,1.3,0.838602375336528,0.47784616844404,0.706779651131972,0.852785280451163,0.596925880990606,0.999227082804022,0.652819507790325,0.958424899796118,1.05950166927771,0.287377313989778,0.429051929461033,0.954121256392315,0.974309746342272
200411,2004-11-01,1.5,0.824460691938755,0.493250623279118,0.703900048424622,0.826029554239849,0.635057228874691,1.14403992512049,0.49232113560278,1.03952228250246,0.881879254465434,0.310990403204925,0.473265096676223,0.86471201005629,0.887830756872088
200412,2004-12-01,1.8,0.873764006081634,0.529208704606643,0.887723407478602,0.764947378402003,0.604405239070838,1.10142267611262,0.768565816231725,1.14283902101808,0.88190434914035,0.248564025011877,0.670907410191668,0.9034580891778,0.996228357253792
200501,2005-01-01,1.7,0.574442176140133,0.308542794802436,0.631602078008386,0.51485412901775,0.177218272884838,0.65605963240607,0.665815297577099,0.793007119243216,0.794563915245283,-0.159702082636082,0.234999657925927,0.591060234414109,0.462980391899714
200502,2005-02-01,1.7,0.717754649502123,0.34927242579772,0.790004698241087,0.685319242536675,0.565431106992276,0.817475673297285,0.546301483170808,1.11367916070435,0.991139074477099,0.270149883899573,0.312619136514725,0.717083647606076,0.790164975620011
200503,2005-03-01,2,0.819979198534715,0.574015342558987,0.942279213221808,0.961438370019918,0.789848731900022,0.919268477286495,0.598047129283086,1.37302666642847,0.823774946760469,-0.0850724877957676,0.343624713212365,0.816148994609733,0.988221356873131
200504,2005-04-01,1.9,0.852826150891195,0.672826324908837,1.15711775361036,0.949479403621578,0.818988359874862,0.967100703569912,0.608184249535504,1.38194732309067,0.924500612782131,0.14206119634439,0.609761386891283,0.596341425291147,0.493684383714621
200505,2005-05-01,1.9,-0.119279075249268,-0.301394296227808,-0.189994114509673,-0.0365808989850391,-0.366893061874818,0.0577646386904274,-0.259502277739587,0.146376079101129,-0.0820589143817663,-0.782296679613415,-0.143861835237491,0.0340152548182537,-0.0903781355402367
200506,2005-06-01,2,1.39551527187791,1.16711906214859,1.41197081134459,1.34295152934896,1.47824725201096,1.50318483209528,0.886824463704605,1.93362228406042,1.41528387011141,0.607736875894527,1.36196893837233,1.25238055910695,1.47704175815961
200507,2005-07-01,2.3,1.58285179339028,1.42032938753671,1.50658278760485,1.6999298085473,1.48835135672263,1.77090377841111,1.34147339866304,2.18476613797294,1.42136811002807,0.630571062376228,1.43525247050926,1.71277880871534,1.13634759133805
200508,2005-08-01,2.4,1.70485964499172,1.50165332603027,1.58261916957878,1.80648902035978,1.65384988203852,1.85680144752676,1.49860837358706,2.2644463168406,1.62627583056116,1.05922541256898,1.94446339031578,1.73423643967847,1.17103799562792
200509,2005-09-01,2.5,1.73684873929498,1.57237351766983,1.61436224026941,1.70754506004467,1.70678784484846,1.86058857453331,1.40806212340672,2.40539488351927,1.74482589848008,1.19824318935748,2.10663411044345,1.87581341085694,1.13629687365355
200510,2005-10-01,2.4,1.60495422357096,1.50811814495937,1.44518222272867,1.56088579895228,1.57301870505751,1.60357703242398,1.3533621019596,2.27504139209906,1.52127163918532,1.13764611317182,1.89116827570699,1.72584258774258,1.04292694836785
200511,2005-11-01,2.2,1.50968661762796,1.41045119182128,1.30787980585976,1.52164319304187,1.29059617459264,1.41731971959362,1.5303631379826,2.02321851061871,1.57240612699452,1.11937053558593,1.75401860006612,1.64668251388815,1.13884692996367
200512,2005-12-01,2.1,1.4345653856654,1.32439985614146,1.26436208903073,1.61257719664401,1.35684705525447,1.38663394532972,1.04777144877,1.89194313998959,1.57100540583786,1.2877293883387,1.68192180085833,1.57114259607476,0.97120532833328
200601,2006-01-01,2.2,1.65180498073938,1.55134196356075,1.37471645258911,1.66747663331801,1.65284978750211,1.61684868918326,1.53472379180566,2.14328293719936,1.73106029443353,1.71343111201536,1.88986371459621,1.75307916159155,1.26027495595351
200602,2006-02-01,2.2,1.65784450124453,1.50821497807143,1.34607400125359,1.64955565055294,1.33855097043223,1.70856033766071,1.69760284328611,2.19759095960124,1.73352379044811,1.66949141948736,2.28731602523504,1.50134218828442,1.17453825762657
200603,2006-03-01,2,1.41226683755542,1.22760387571585,1.21489640222887,1.28354221189562,1.04634691999468,1.55906384144302,1.54304264986012,1.76877778931968,1.63310998234902,1.52311174962172,1.95518453175643,1.2682537083849,0.722915752097042
200604,2006-04-01,2.2,1.53186759996657,1.18073463011432,1.18601540694483,1.46497908032117,1.11422428145971,1.52888725695,1.55846288403401,1.77551462248877,1.704646339305,1.62378933677689,1.93781756176077,1.63480346569416,0.998858820254522
200605,2006-05-01,2.4,2.81014524690633,2.49959898966272,2.72470381074235,2.84780786828407,2.6040070695829,2.78796533225043,2.66677501904298,3.2130903408971,3.04810051496074,2.85113903112457,3.14591932313573,2.37601577581859,2.17669031984495
200606,2006-06-01,2.6,1.52152595613733,1.29356931231728,1.29180576579995,1.58162437366705,1.00375651716236,1.44505692558372,1.72563527353791,1.68868360418506,1.68383242113062,1.6825672839736,1.92027055546671,1.56161591698725,0.829176240556362
200607,2006-07-01,2.5,1.56968589380211,1.44384517033835,1.26202008574323,1.59794270222557,0.964196018470287,1.60414463618275,1.84380079396886,1.29081607279113,1.85348868773569,1.92577505026026,2.23282599480261,1.41640298062038,1.03859378091546
200608,2006-08-01,2.6,1.64130348631004,1.4896785750953,1.30687749988667,1.657670419414,1.02058623580148,1.63600635512002,1.87688016626069,1.58232052798168,1.72488762669687,1.99836808058964,1.96714706379009,1.52024865958584,1.42154559032299
200609,2006-09-01,2.5,1.31588169216319,1.15464403712673,0.903993682509152,1.37715133930212,0.734772907983339,1.3953276191444,1.5566555471366,1.23205085455713,1.27849215583467,1.58485844080618,1.67727600600396,1.23280385138982,1.29067845139619
200610,2006-10-01,2.5,1.04209877907107,0.971488139861654,0.705261545719993,1.03097720757079,0.461795446013835,1.23803613451985,1.38242629225174,0.732453838455971,1.12741840277253,1.26098361325901,1.5250675927704,0.847870387407146,1.04085450725611
200611,2006-11-01,2.8,1.20781219256993,1.14417510926355,0.838983087862832,1.16744000996092,0.721737702643743,1.4956143878621,1.2677258942871,0.985094447371893,1.46348039085833,1.56360112821061,1.68964009337906,0.901488300359143,0.979238843902785
200612,2006-12-01,2.9,1.43175004614573,1.40320675010375,0.986495612942018,1.38332610730789,1.0028160595807,1.54084795440881,1.67037807791084,1.22268180099876,1.57256463375413,1.78057104353719,1.90378315923356,1.12051855198703,1.42571115285983
200701,2007-01-01,2.7,1.52414278050672,1.75890278178072,1.05691538438959,1.44654740921288,0.975669047409577,1.62118543091647,1.74615382686456,1.03381224801733,1.4636418426746,1.82946522899115,1.92528971993433,1.41523227477256,1.49048217744643
200702,2007-02-01,2.7,1.66612594529256,2.03496203717026,1.12528652213442,1.57362529655198,1.19513832077436,1.65079856511914,1.87954971975637,1.06599445793383,1.64450824037257,1.89980789683759,1.93419069099303,1.68797162120118,1.71876754006242
200703,2007-03-01,2.9,1.90594800449939,2.21962980759418,1.25536149225398,1.93791044690845,1.36443150632093,1.92982023358275,2.05946917929667,1.30555996414319,1.85053715276198,2.58404794235303,2.22647597604189,2.00367056028261,2.17337849721884
200704,2007-04-01,2.7,1.99117444565782,2.42886261661899,1.4306622250335,1.98858455257891,1.41409041640173,2.24993267524949,2.16742850354619,1.52427578558403,1.91485000653417,2.78050959796403,2.59916825677542,1.93190555570715,2.15254526819457
200705,2007-05-01,2.5,1.6371605341887,2.01496807327168,1.10862035322088,1.62782011104752,1.15126734395801,1.62030096343131,1.97768964822864,1.15899080334279,1.56787220454588,2.53864146313871,2.30687285658209,1.75976741864929,1.52528087276218
200706,2007-06-01,2.5,1.58904658045076,1.98473780541735,1.03885832791146,1.58676505136175,1.17165062297262,1.66627693310928,1.77680634618091,1.07520047845731,1.53242651244574,2.61746583755675,2.06265087997215,1.6846466173658,1.4638802255946
200707,2007-07-01,2,1.43270154263344,1.63102284579213,1.07737993909194,1.47568473539144,1.15617062202251,1.21762710681419,1.55900139669827,1.33814538731103,1.31167761384281,2.27108473788735,1.65478795810967,1.23243443459851,1.53151833012486
200708,2007-08-01,2,1.23703474108392,1.51734616627888,0.853993274156561,1.46795212647863,1.03974713276567,1.19435067716884,1.26265913849168,1.09404731827174,1.22004792941073,1.84241108765186,1.37142774326044,1.15827889149702,1.04484763562853
200709,2007-09-01,2,1.80482995134639,2.10514572001166,1.47922919408521,2.13823995845597,1.58290771255072,1.63634916198747,1.95932681181812,1.57851869833983,1.79517594962788,2.4817756470668,2.02299130391301,1.60986204233586,1.41858377015318
200710,2007-10-01,2.3,2.21031131289373,2.40026883313758,1.84025732363202,2.35320595565947,1.93637763176084,1.94924262112695,2.09110755112896,2.21870034107114,2.15145491156401,3.06179554661574,2.59745275926104,2.22044038387372,1.97452495573742
200711,2007-11-01,2.2,2.31813513034538,2.52363237459887,2.12033343245774,2.49786791227526,2.13600864667272,2.03436831912778,2.28712846570596,2.27157918302936,2.10003772368799,2.96693366271059,2.79997944561603,2.35358302496058,1.89802745649448
200712,2007-12-01,2.3,2.38727976260764,2.56522601818239,2.06847071939411,2.57425800151503,2.06452364829153,2.39422720365472,2.38796618057247,2.22187826946878,2.17684145724812,3.08050756510327,2.72531554836077,2.53298430092372,2.23903315300591
200801,2008-01-01,2.4,2.22857856168361,2.26445193746232,1.93359465603342,2.36818049006524,1.86739455366673,2.02618343939276,2.27668862068706,2.09784746963435,2.3145978079818,3.0794212799526,2.78556618935464,2.13199511214717,1.82843879140477
200802,2008-02-01,2.6,2.24986899465949,2.2785649009708,2.07130468163501,2.48950332616087,1.98998653255338,2.19915360149603,2.32517696697689,2.33704059554591,2.38945516354183,2.90593762274218,2.77823065830565,2.2114563678866,2.04982014363582
200803,2008-03-01,2.6,2.31531704086645,2.27571693325128,2.10768585392933,2.58755609267032,2.11245762884715,2.09465954305594,2.47142650241599,2.38350592630614,2.4301313001786,3.04688345453143,2.97085742720933,2.31800909035527,2.4320502885917
200804,2008-04-01,3,2.60314392941909,2.58074672877397,2.50711020448657,2.90012569470404,2.38952148361466,2.47090855997196,2.94371302634788,2.62211555565528,2.5586735910778,2.99500678426079,2.95728317830171,2.6827563028021,2.67420960071261
200805,2008-05-01,3.3,2.92953035681573,2.97149378388575,2.84801935397265,3.29183019006996,2.686738777211,3.01807997216643,3.33108356810612,2.99264407025726,2.72129008628661,3.10911044861502,3.17377082513723,2.96434756427912,3.11376092206694
200806,2008-06-01,3.7,3.40615624206022,3.26426542787626,3.18078377039892,3.84960892700901,3.30505045376477,3.71565338948068,3.74286634451004,3.39118160602632,3.23246620207929,3.81283957157439,3.77158584186943,3.34369334448619,3.16291220605682
200807,2008-07-01,4.2,3.72036410558316,3.56676974895034,3.58986342762939,4.1047554683542,3.55538621189309,3.95534074922692,4.04205557316561,3.66458108066223,3.40935258877495,4.45094663418932,4.11791759443358,3.84755180679461,3.51579853059678
200808,2008-08-01,4.4,3.99288295049987,3.76817227642907,3.76736067197987,4.38449807013808,3.82969332229925,4.16199358283871,4.27315357803089,3.87027384692125,3.63552748738922,4.64233011417579,4.499776667872,4.1976699705925,4.28381405297509
200809,2008-09-01,4.8,3.88371673139478,3.67523286403599,3.50803365861532,4.22598187961252,3.76550774561915,4.1397133739925,4.05696615766999,3.80143540374671,3.60746646238668,4.32468716755761,4.24425381885671,4.16675929891328,4.52052480639225
200810,2008-10-01,4.2,3.91313720187476,3.58553698471682,3.66283903394788,4.38543877598649,3.74577462563328,4.37871582019205,4.51246349892904,3.81204953005396,3.69478294471519,4.21092938475427,4.03121267294637,4.18133754577248,4.01489251211584
200811,2008-11-01,3.8,3.88977401070052,3.55965984757336,3.34543590455132,4.43023653334857,3.82090721153476,4.24579787173018,4.58208091134344,3.73501712164095,3.52062752679962,4.39894788305952,4.00760593175669,4.28411414185055,4.2112999705761
200812,2008-12-01,3,2.74977914456904,2.66108580479201,2.29223847651943,3.47736939788934,2.75691513539233,3.12129888532393,3.21605351971181,2.62257798478087,2.28381428411746,3.09021507486074,3.50556831085682,2.87709412728137,3.05505945432913
200901,2009-01-01,2.9,2.90855588615937,2.98897734813706,2.51523662868269,3.62784148313193,3.014077023143,3.24104211825929,3.13587722529363,2.88327181135482,2.33635236800245,3.56670080646844,3.782559358834,3.04450500912625,3.32228487440585
200902,2009-02-01,3.1,3.84429291652215,3.83191208714002,3.49107598289984,4.56894407025379,3.95009384072778,3.94832840524635,4.28063594490093,3.53344857707669,3.08652070902262,4.71485933088613,4.36536130847742,4.4387651776076,4.16389301951234
200903,2009-03-01,2.8,3.77196734414051,3.84325373421657,3.46278714285282,4.31167462310291,3.90810888775182,3.70721666663116,4.1967923098666,3.38911395198149,2.87063986954637,4.42452379868341,4.50009615444857,4.18847494925132,4.157156774848
200904,2009-04-01,2.3,3.06878860297053,3.03540509156295,2.57824354856615,3.6563596135162,3.26354746856015,2.81383426652562,3.42475439394849,2.80330033970517,2.57376435647423,3.84518842510193,3.91441144584639,3.43466605961404,3.27207005483205
200905,2009-05-01,2.1,2.97015342695965,2.80828586492774,2.46536054155084,3.56276981361674,3.14772812327444,2.84110166255538,3.20389697218435,2.51154474647122,2.3490386839959,3.47649282112881,3.76811882684165,3.34626374646561,3.18477749481816
200906,2009-06-01,1.7,2.35340209278079,2.45477821288282,2.02355395143241,2.79907749305208,2.42170951545275,1.89469450536475,2.69754981054693,2.05846931933327,1.82741940796314,2.77868741992429,3.40237578513189,2.99010150107673,2.66403258822079
200907,2009-07-01,1.6,2.08013403967346,2.13623665615865,1.69019935271948,2.63553863219408,2.05595016736315,2.00052814856284,2.35510078047902,1.74460029925667,1.64580656595381,2.49715758731668,3.27619251594866,2.65255409184444,2.03562150380689
200908,2009-08-01,1.4,1.9980049804931,2.13892349466918,1.69734602977698,2.46967761127601,1.9877882466413,1.74676932616475,2.32446824541153,1.66693716858197,1.50142404316036,2.4897690859254,3.26455822397731,2.52273119076067,1.6248723858487
200909,2009-09-01,1,1.77936793251974,1.79850370652241,1.55639708771307,2.17897789867594,1.82886938293181,1.42676561164337,2.18169384974634,1.71873437548624,1.23795898508634,2.30187800568151,3.22336148753051,2.16917666847556,1.14288854497913
200910,2009-10-01,1.2,1.780645681952,1.9718287684783,1.55206023613055,2.09316151275898,1.77751910904895,1.3231490012853,1.90195402431639,1.58662446386786,1.41807725807304,2.23292039130172,3.40377718045226,2.16057853128748,1.33751504168189
200911,2009-11-01,1.5,1.63393326240875,1.79783558184345,1.57326275642915,1.92634140274439,1.69884240685088,1.31385430760234,1.78283869069096,1.47444196306896,1.0644727072572,1.85686240952061,3.22017920793591,1.92350804818155,1.27201788691471
200912,2009-12-01,2.1,2.76439927484398,2.72648612067401,2.54743261081556,2.78133957466491,2.87306883641854,2.23886409574561,3.03200392625893,2.52135140917968,2.47095489170384,2.88580598797263,3.9544051098535,3.10487866044802,2.26822467202898
201001,2010-01-01,2.6,3.26640242588063,3.37040784265299,3.10173088857697,3.52050678375828,3.14491529477221,3.06477239844258,3.70858431078367,2.74579337663883,2.81244389399291,3.06567551524259,4.16721995602809,3.32748227508992,2.31246622058259
201002,2010-02-01,2.1,2.44346659203778,2.42300032469336,2.19297454154264,2.67665189011417,2.1899179693136,2.29976983813895,2.59971091920721,2.40472509003453,1.86439356097752,2.0748573079816,3.34931437736823,2.34592375106921,1.92028623207001
201003,2010-03-01,2.4,2.47286356382754,2.19642411211436,2.23519745731948,2.77776168120392,2.10563801288624,2.72866173774122,2.64596888838371,2.54290090699862,2.36560000839432,2.0526498288536,3.23886926026362,2.26416079357334,2.01014306828275
201004,2010-04-01,2.7,2.86295182829202,2.76945683111565,2.64489733349405,3.09540300491284,2.51399998332931,2.96879317001355,3.1035287180105,2.87048144486624,2.44360353733539,2.40660174650493,3.49353983370244,2.70827639441822,2.40034864772707
201005,2010-05-01,2.5,2.61514410736006,2.71963202979522,2.4605048387365,2.65337268623758,2.28313615927085,2.4364830176143,2.65481071147751,2.72030195769335,2.56682828371082,2.29234181784659,3.50177891906662,2.63426200124619,1.54116480498676
201006,2010-06-01,2.4,2.65843396090373,2.5392840342793,2.48740157525063,2.88169489546239,2.45287191124086,2.83047486119374,2.82957882449195,2.52582229860978,2.35952420029593,2.18634463769207,3.5285862095209,2.49800021251507,1.82683196527504
201007,2010-07-01,2.3,2.72275731775353,2.85205494463623,2.47613209938693,2.56889768125992,2.40547959064494,2.75548200655977,3.02441454910662,2.46444244628254,2.67969873566836,2.1873928533827,3.57262112492487,2.74756323306256,2.17267508671914
201008,2010-08-01,2.4,2.83735306706592,2.85994303087123,2.52430868228513,2.96759046635593,2.85503260732978,2.87364857563592,2.9739332534517,2.77108957682908,2.875344432464,2.04111748592408,3.40614123487375,2.64343149674382,2.26200867616186
201009,2010-09-01,2.4,3.35728642566144,3.35842993759476,3.20513198286232,3.67797703547976,3.10685324527962,3.77412193813542,3.44690561290406,2.99963189064032,3.68375543688997,2.40152331434249,3.85412617760743,3.28838746502169,3.00773251537467
201010,2010-10-01,2.5,3.20129418252437,3.06427454991418,3.05180407950376,3.52415237393513,2.89337890304435,3.59000781148682,3.40981140663361,2.88021312498117,3.27329015329492,2.53687139316818,3.51995198370354,3.15293731080628,3.36046091339925
201011,2010-11-01,2.6,3.79208600238869,3.59825103686635,3.85605294482096,3.95366944063453,3.35688223736474,4.45486150967507,3.87505381553499,3.16090197199232,4.19521038929445,2.98942689669066,4.18729568916072,3.88764129005703,3.83521217911145
201012,2010-12-01,3.1,3.84028982227709,3.57728187943434,3.80352991716553,4.01871238754532,3.46018476228689,4.46210484290182,4.11465478943007,3.48523696001435,4.0687418946536,3.35379342946516,4.16334875229154,4.29968858078331,3.39010926282448
201101,2011-01-01,3.4,4.25136694348913,3.85497744047241,4.22718071348998,4.2132073047467,4.11644905652115,4.68681591047682,4.36975108011439,4.33004097417717,4.74758361124965,3.71809509313614,4.82172950457118,5.0701030692436,4.19835605391694
201102,2011-02-01,3.7,4.64456214153537,4.36666287129472,4.80469171905265,4.61049491556407,4.59074482281732,4.99969576192176,4.79785865772124,4.56606758939861,5.3313076698168,3.88769619801643,5.17266217978438,5.30920271922994,4.47336343667766
201103,2011-03-01,3.5,4.52113996504508,4.55297161378889,4.51540389117497,4.69370420502966,4.43411951277581,4.72371584045972,4.94469575791094,4.28036739442428,4.95650234010296,3.88142804915135,4.87392895819203,5.45177707430522,4.18828106079303
201104,2011-04-01,3.8,4.61380570110785,4.46728037304591,4.69136070309095,4.7821938794852,4.42186528104453,5.05405849204645,4.75199232027097,4.24488594220445,5.27777516621761,3.99533508660483,5.13194300620621,5.57143595945722,4.57269702059608
201105,2011-05-01,3.8,4.82756312641317,4.59322419142203,4.87964316336689,5.00764630988459,4.80726110390384,5.54648350331879,5.04708450957643,4.59683116878826,5.30985038671936,4.42229880315583,4.85509676654861,5.92057288732226,5.07904850839374
201106,2011-06-01,3.6,4.7851764622111,4.53533429446606,4.84729130842656,4.96457958741843,4.62576202357354,5.28135806255181,4.9255506315947,4.73051769297854,5.51148559922698,4.47783373367707,4.82546255774161,5.83430581811748,5.06816527097504
201107,2011-07-01,3.8,5.01103575280843,4.69972077994414,5.13803024093444,5.19906208010328,5.12104938385638,5.34786015828941,5.44129445735622,5.15839365289077,5.61529176732773,4.65907708760802,4.73457119319669,5.93999321868943,5.19192944809796
201108,2011-08-01,3.9,5.15540350632324,4.61291046017021,5.43159032391702,5.3650162417417,5.20481055927533,5.94360456399947,5.53082902868871,4.93882120595026,5.6816716090297,4.70119699551037,4.96202480240473,6.39007288326918,5.01699023382254
201109,2011-09-01,4.5,5.07566608326244,4.71905002433795,5.27269049630694,5.20800142651707,5.10716155548243,5.4841023816643,5.47509614192303,4.91447353883852,5.34028236552038,4.70180054768905,4.66710852395522,6.05974190094833,4.5588158683328
201110,2011-10-01,4.3,5.11768612345711,4.86485236147058,5.18900428718991,5.29163742035246,5.34357936748429,5.51625109561877,5.5427814498995,5.05655747029401,5.59566615154943,4.61878746253517,4.896588456256,5.6971125676178,4.54223087054595
201111,2011-11-01,4.1,4.56592539385323,4.35279558886648,4.36774347532776,4.84573257406666,4.84524397165844,4.73267229910477,4.73351469428069,4.67639569947744,5.09966376973425,4.25157778058496,4.3231910420936,5.36754587183597,3.92069727963364
201112,2011-12-01,3.7,4.14432575930377,3.94321626016614,4.22381364979625,4.42662778243412,4.16079311627704,4.33724795862058,4.50376448762653,4.01931934309956,4.49940890517941,3.98401418138925,4.10170359985018,4.78804761726106,3.65295704242876
201201,2012-01-01,3.2,3.39193024912476,3.01864834312948,3.16622292505888,3.75659820708627,3.30470409440591,3.64906126119091,3.53438996449196,3.56041706318604,3.51534329662102,3.05787305233245,3.60232268654763,4.0815014104147,3.28731665786115
201202,2012-02-01,3.1,3.28304304126583,2.70368388148727,2.99131898457525,3.49453488603542,3.40332958921798,3.99064331243419,3.33288910351515,3.61989255498849,3.30984353596198,3.07829134740383,3.64159766983718,4.05990592403223,2.927631391904
201203,2012-03-01,3.1,3.28155328957842,2.56530907379597,3.18031225520219,3.26028970473828,3.58422713613189,4.18080320213809,3.08309346499178,3.65008504689506,3.17276999816378,2.88929359245382,3.67344960580465,3.88652466562227,2.78153309147173
201204,2012-04-01,2.8,2.96448071908686,2.48935132125523,2.85790970107638,3.14153630154155,3.37939696276286,3.80972822627401,2.79186871992592,3.32625832821583,2.90238516381824,2.72742690200698,3.17558962930877,3.44100677865344,2.35793736392016
201205,2012-05-01,2.5,2.67608143014899,2.23267090485979,2.61417893890388,2.97655928072613,2.80720477114278,3.25719412595147,2.60204755234563,3.19362990532335,2.61036067861466,2.28079339003227,3.29729286080822,2.79668583760342,2.43357340618868
201206,2012-06-01,2.3,2.18889730977683,1.95674226458624,2.13985965295596,2.20901951577053,2.56087553665114,2.8584010831797,2.17904412646546,2.47709797878781,2.00677086286052,2.01924853669673,2.70021458784369,2.151689953186,2.00965129622521
201207,2012-07-01,2.4,2.08433729369655,1.9536664286445,2.0133017897535,2.62475768760746,2.27047895950205,2.69707521945841,1.48599201289465,2.51410097953932,1.80098998454536,1.96619107286782,2.47370243937517,1.85723807741143,1.83058626817576
201208,2012-08-01,2.3,1.8447135119074,1.84375902201102,1.67997106141742,1.87861951647814,1.92193814591914,2.16645516207887,1.51865294216837,2.43076145751648,1.74057595749901,1.74370337845728,2.34491298859687,1.72684201939941,1.6494014966806
201209,2012-09-01,2.1,1.59806379298051,1.45231714316187,1.30812339727628,1.30832630495032,1.74964745443971,2.19613173399016,1.16945009793643,2.09118038583411,1.54548934998406,1.70284277846515,2.20339564304937,1.84808129430729,1.72344787293406
201210,2012-10-01,2.4,1.65230809669497,1.56222780874484,1.38965783802096,1.45666726026246,1.95947112305037,2.32120690414002,1.06822507503994,1.90515704276588,1.32433300259336,1.62781596261594,2.29449335315184,2.04569356276645,1.19740601339691
201211,2012-11-01,2.4,1.83671471247695,1.62592956581182,1.61172989267166,1.56482917616483,1.92625908435358,2.25551847003473,1.68751020036815,2.22500208840282,1.18057531880655,1.83708788470662,2.3642170060522,1.92757340900722,1.88784305494751
201212,2012-12-01,2.4,2.09437062205151,1.90489529149969,2.03051783383474,1.93583281723393,2.37663231241509,2.63935874664916,1.57461217757107,2.45062314353597,1.77185703040579,1.83220748715398,2.24631594621396,2.13346453746968,1.9391422695757
201301,2013-01-01,2.4,1.91806188310055,1.73631690384086,2.05579707968451,1.82692221056446,2.31286231508789,2.2466659540703,1.65920826520674,1.96975207126551,1.57573393076931,2.00837767386319,1.87517280396365,1.93913285409402,2.15470360353531
201302,2013-02-01,2.5,1.64556920833221,1.67670961360855,1.75165853781574,1.44577710732512,1.71545244970968,1.92883328951925,1.40725204917658,1.25292026455366,1.65347800914561,2.04890849258359,1.67137378915365,1.46568433100767,1.48066478179314
201303,2013-03-01,2.5,1.65636451338804,1.6623607361858,1.82515964979619,1.39121610227129,1.85173451048863,1.82283435910411,1.6248247869715,1.25478543736592,1.82835705201245,2.10209403648047,1.82545416350175,1.36818655860005,1.3445768075687
201304,2013-04-01,2.2,1.78156458887619,1.69666287511905,1.65491731857537,1.46123319268212,1.91599979016124,2.07725376983114,1.54787938563776,1.6223409072625,1.76964060191991,1.98335675089922,2.08642547764357,1.49523399779306,1.84703123291292
201305,2013-05-01,2.4,1.77439432910802,1.70004016132257,1.71800855882966,1.50601386383993,1.80662766728714,2.08269334476598,1.38230804696948,1.46462582634592,1.77487737101569,1.80568662561331,2.08222886241949,1.49204390012396,1.85728702983712
201306,2013-06-01,2.6,2.1153110942336,1.92275394226811,1.94689561392813,2.01587624372019,2.06734786699729,2.49843556076346,1.49523857129983,1.88277094831466,2.09331910540649,1.93762965768949,2.36516576311374,2.12099705331794,1.77647934786751
201307,2013-07-01,2.5,2.03366608184135,1.7372051510163,1.95432020965991,1.75774392156853,2.24738088891536,2.35283506128872,1.60809229389629,1.40402618867459,2.15911137459153,1.95199683929552,2.48652787229355,2.49271777361446,1.8457545761148
201308,2013-08-01,2.4,2.11329539222873,1.87241937791254,1.9829021022199,1.95218721452992,2.43794237250088,2.50973873384821,1.53830915348823,1.38686073753325,2.15717499972587,2.14012475542933,2.41193697015571,2.41448984990755,1.89146340854216
201309,2013-09-01,2.4,2.31859282513589,1.97285314410611,2.35422984916513,2.28404163989084,2.51693503240136,2.76102048928726,1.75549339017775,1.6855550107941,2.15840534817899,2.18678831997721,3.00230021787438,2.50064803538166,1.70721787594685
201310,2013-10-01,2,2.37478376122815,1.94272323720575,2.33171808376791,2.37809006762364,2.38899306741556,3.01841035979953,1.98012327714416,1.71511545736731,2.57294104627956,2.21810362516688,2.84178000916571,2.76640081280062,2.09640330474512
201311,2013-11-01,1.9,2.15619717605073,1.92158699813008,2.12031876521723,2.32427585354991,2.11878426810459,2.90766134543721,1.58268312744205,1.56979950979934,2.77488299536059,2.31700687457457,2.46285506356894,2.26062069375483,1.36020524513218
201312,2013-12-01,1.9,1.95157470821055,1.78793267134627,1.75549254074134,2.12527084405638,1.8130066450597,2.46797215332066,1.66327889644138,1.41044378607225,2.44207744699778,2.14144158121221,2.32760391459268,1.95768604902335,1.40537535877989
201401,2014-01-01,1.8,2.07571640163373,1.73921481840702,1.78810500582276,2.19702468003373,1.91096870872858,2.89331965606263,1.73227728311365,1.58855383895482,2.65608133276178,2.28754474833888,2.40398959807815,2.29209466758067,1.33018750728013
201402,2014-02-01,1.6,2.06383905138321,1.78671264380432,1.74977690108535,2.13572831286815,2.01646574649093,2.64975437663297,2.02402413463361,2.05805464996185,2.2491360953117,1.82765480074087,2.36558438536532,2.25378247690702,1.17445025996277
201403,2014-03-01,1.5,2.08375160905103,1.79960162413162,1.70188232336705,2.25237555499185,1.92316491234483,2.66131916104042,1.79409963418005,1.94521908589702,1.99434700378127,1.80692711082184,2.07151116758046,2.80753268085805,1.45466575243982
201404,2014-04-01,1.7,1.63278216127791,1.27190883915886,1.48163164296857,1.66042225683258,1.72148569913917,2.04541392123436,1.76567723553618,1.20919895567131,1.53930358834433,1.56598476737442,1.56941789787119,2.45792174752317,0.682685771907643
201405,2014-05-01,1.5,1.64195735854309,1.08962388412819,1.21780949262795,1.43789828554604,1.84888266141969,2.48927488243684,2.08691198616855,1.18736281068901,1.63157783741328,1.63875342892272,1.60222252908024,2.56295385505656,0.360422563533791
201406,2014-06-01,1.8,1.8139722600929,1.31852307409086,1.37596847717536,1.65293397061634,1.80664736732259,2.48520671352228,2.34386891929401,1.43695056183408,1.78596112285923,1.93185229068045,1.6456707121187,3.08591762567929,0.901969651059176
201407,2014-07-01,1.6,1.49034387761138,0.823640077251175,1.05604912315793,1.3087274144661,1.30889262351814,2.23905717658104,2.16607100982462,1.24888283579769,1.48520970395414,1.27840607336782,1.59261570552847,2.41034089790626,0.464087980938821
201408,2014-08-01,1.5,1.4630602141261,1.15882887553289,1.06873799117984,1.37001302669848,1.22914302612902,2.13293209828498,2.14905819296567,1.10106071999829,1.48424388089288,1.24074732567583,1.64041077964747,2.17944506593659,0.253363225373349
201409,2014-09-01,1.3,1.42856355191547,1.14151034701755,0.872824834133001,1.48699997308273,1.46237357293602,2.10662038987521,2.24130555738526,1.10904803418002,1.40798401377824,1.2196525128112,1.2259820840232,2.39720163488597,0.431794314158362
201410,2014-10-01,1.3,1.31364981653974,0.957668801113831,0.70794399629921,1.4022205896852,1.2191313328934,1.9673242179578,1.81540235753024,1.0129093276924,1.25010085396047,1.35758273995643,1.36010057494784,2.29189706325246,0.761052349729052
201411,2014-11-01,1.1,1.01215564217494,0.529844212574937,0.530296167899991,1.00240411946433,1.08134195424718,1.57084510486489,1.5023343485983,0.669079306128162,0.795885908268401,0.677352136478215,1.23509150264065,2.14003524976085,0.595095598498974
201412,2014-12-01,0.7,1.04740709970101,0.732967223930148,0.441078017014784,1.23572521661881,1.2005922186918,1.83655167422812,1.32164383246651,0.68585157186809,0.618881697169527,0.593423120665415,1.30790311365123,2.22205545266048,0.633108063960552
201501,2015-01-01,0.5,0.741682741762939,0.278397023888632,0.519905783042995,0.683593274429861,0.681831509668296,1.35342940480849,0.984896044744255,0.178954782777452,0.333583066901877,0.30952979290273,0.96111149201128,1.72649749861742,-0.104790568619406
201502,2015-02-01,0.4,0.566487768550128,0.10611727677281,0.197274579950446,0.922098629699186,0.488789008642887,0.957040579570712,0.944791332179551,-0.423439548425186,0.363514047224744,0.0644305077677876,0.641849015503859,1.63947905782638,0.226525549799583
201503,2015-03-01,0.3,0.408762503881199,0.0581817399994966,-0.0337881350769842,0.489481373006795,0.486675644964341,1.22593648553444,0.554014883019316,-0.304314026673647,0.317268851789332,-0.287359623719463,0.668665276647862,1.19238648286328,0.0195515007143543
201504,2015-04-01,0.3,0.48306142265846,0.2208943811147,0.180490743121942,0.712261775419765,0.360173262104224,1.33309808278483,0.837402427870937,-0.182611259604193,0.463325691592886,-0.0219659833157526,0.632653531312743,1.11995971246355,-0.233367442777399
201505,2015-05-01,0.4,0.460445288090328,0.339248391391833,0.181873858899406,0.840004429116692,0.259305170917479,1.14165267925759,0.602848992118821,-0.353831433350604,0.469742718293809,0.26954058571258,0.579387169749568,1.09016262689769,-0.20045543006999
201506,2015-06-01,0.3,0.474419026484396,0.366782501015139,0.263671580048608,0.687735681785484,0.395321304724905,1.36786689010511,0.537712100411958,-0.0414122738841338,0.179292101030382,0.0411215720257596,0.317619517328915,0.841696660322122,0.0961779845056077
201507,2015-07-01,0.5,0.526853962730933,0.421130584037099,0.297968061738985,0.800512284044363,0.511328190701543,1.14369321263912,0.351855517385768,0.0932270582763906,0.404842462555632,0.176456887055565,0.375344956661094,1.12296670036698,0.156931105851554
201508,2015-08-01,0.4,0.489715068973084,0.273140915811698,0.358263748834764,0.716835120262482,0.321428287495928,1.13002471868613,0.480918631584393,-0.0508175725670523,0.427253970527541,0.171703394088518,0.51701760253553,1.0750404940951,0.406600757306919
201509,2015-09-01,0.2,0.21440058944231,0.142828153832419,0.0620509461256358,0.575305173296004,-0.0797401967120526,0.864878506258204,0.0531431510284452,-0.454884691821089,0.281556513139081,0.0826322737330409,-0.0724641924771507,0.602178267474685,0.173306919795824
201510,2015-10-01,0.2,0.316042505688729,0.317914882227432,0.421907537041477,0.529200675280195,0.223650515731699,0.790770003435703,0.278876003122108,-0.125989326822229,0.197867807820717,0.0207727807790548,-0.12057593040451,0.496193899150543,-0.175348464381009
201511,2015-11-01,0.4,0.483730729292264,0.628544699777089,0.617266683582018,0.726391524795011,0.385810922786067,1.33519683576819,0.480545456457904,-0.00533761175035563,0.314247832494852,0.186738376421358,0.235968347387661,0.574901794691751,-0.0201252111480477
201512,2015-12-01,0.5,0.321255115050678,0.288157766562858,0.342480271674517,0.3378481845423,0.153222237268991,1.20490221881304,0.235869015466461,-0.0904131085355253,0.379773796180283,-0.115427681948455,0.0459411173221014,0.789178394148582,-0.31674008775886
201601,2016-01-01,0.6,0.598875942350752,0.709933826130427,0.609831695020713,0.880620139579524,0.806538592268402,1.79088250027322,0.278505489819203,0.0562212639736215,0.517916743820201,0.0793281606618956,0.328777091144561,1.12761395193315,-0.0501939784018912
201602,2016-02-01,0.6,0.669045589313932,0.953629028945935,0.640930251412564,0.604312620506353,0.913144007588462,2.00972093992851,0.597859610744078,0.318364085403244,0.546872708302204,0.422054683590978,0.80546303535296,1.08209237241303,0.182818711318933
201603,2016-03-01,0.8,0.766406636631034,0.865727551209328,0.869749728772873,0.93959489652311,1.01524719340471,2.04190684364496,0.793213181841357,0.293070187578626,0.737033971851941,0.730903338353439,0.387419421831336,1.00963276926302,-0.0370079014178959
201604,2016-04-01,0.7,0.772731039858332,0.8276775780798,0.789070620909538,1.14385822732208,0.801458490192442,1.99052638235564,0.517936249601547,0.537133336135343,0.553290435060583,0.470762145364545,0.410598531711015,1.25166094860758,0.303494322943432
201605,2016-05-01,0.7,0.720330698007388,0.93092884293744,0.686315997268649,1.14609025541648,0.983291524807606,1.87224145853959,0.359208323564508,0.787927155734902,0.487110810421942,0.260464863843612,0.351220805821773,0.85036870925812,0.541170322981332
201606,2016-06-01,0.8,0.601752844214642,0.85580002729424,0.594342449904195,1.04703830124768,0.907364419289158,1.3578743249798,0.500583858858961,0.167238400340919,0.617961175857973,0.110477765096495,0.567369221695313,0.656816624358547,0.529371027092984
201607,2016-07-01,0.9,0.874166514320374,1.06838214577829,0.83766470311577,1.45755031109029,1.13693149957343,1.75268873858248,0.871990188265714,0.458406528366284,0.948153421260733,0.354059020805186,0.578268330701004,0.915136519240489,1.16202619233503
201608,2016-08-01,1,0.726619811558282,0.991340922330486,0.582992965796114,1.24884596969863,0.876312503297849,1.71923302407901,0.687094018512679,0.825699194231988,0.563986791798787,0.187559001626725,0.452317753318709,0.921166308216748,0.603168531511189
201609,2016-09-01,1.3,1.12443352058056,1.12873220090366,1.13391494465138,1.52572744126513,1.48580666666465,1.89373440401666,1.10338049238969,1.27480577855807,1.03237881489018,0.641310210487189,0.932182166417195,0.948417864790141,1.04003865711046
201610,2016-10-01,1.3,1.19111958798308,1.16190176379525,0.900233061594569,1.5728184583004,1.30269546130382,2.30137563990462,1.33579249153872,1.19738202978226,1.10093805700706,0.798460075412177,1.07378215352694,1.15154837429983,0.973319658311134
201611,2016-11-01,1.5,1.52169496267949,1.5059390171881,1.18036597390083,1.99628784832271,1.57715145197217,2.2930559470784,1.61141283760617,1.51148602096298,1.37252982662468,1.24818269073226,1.33654708790854,1.59147865799798,1.10841109290241
201612,2016-12-01,1.8,1.80260586327496,1.63468178262527,1.63970777234812,2.27789395437006,1.84585033362012,2.48301208154518,2.0225499129672,1.74360368315039,1.55555680434865,1.86605804601454,1.69807301772438,1.61139095233356,2.03163873265613
201701,2017-01-01,1.9,1.98410778846803,2.17773593915769,1.63826790598549,1.98903713195158,1.68407177853149,2.3278487766635,2.86847415329876,1.95397169280715,1.91148479225165,2.03775114912033,1.56298291777111,1.66374119392863,2.20973360561769
201702,2017-02-01,2.3,2.66285710832026,2.78464789459718,2.37760556850732,3.11987970011873,2.37851000263036,3.08657677351398,2.98644781998103,2.421162862647,2.59494338238906,2.37886736028081,2.3840301076651,2.37608419366455,2.37512039254764
201703,2017-03-01,2.3,2.99012651249628,3.24272076989032,2.64483078577502,3.49784107131976,2.82770981471856,2.50859375354273,3.46756897485661,2.74486863535408,2.66033839094166,2.63049041673002,2.84411191848006,2.9530088725888,2.75782837638787
201704,2017-04-01,2.6,3.13704444610834,3.28265826315186,2.88617804214828,3.32295586191806,2.92411899387086,2.8285809953523,3.60450354150992,2.75616967264025,3.27711703180484,2.74839621122294,3.05014035924944,2.86098382974538,2.58846328119426
201705,2017-05-01,2.7,3.51403468127038,3.64842528011409,3.45123752212975,3.56269916413456,3.61231572026997,3.05379407251003,3.8889435136926,2.95476469454481,3.591346022858,2.84942433519466,3.49553231239177,3.51003957208089,2.81810192640228
201706,2017-06-01,2.6,3.70908197640714,3.81741307175547,3.59239165034835,3.77398942568417,3.49107775539546,3.59040558215216,4.18701602167324,3.21641378023698,3.84986152359164,3.17749028294771,3.83556509798046,3.72789961797215,2.51959786873501
201707,2017-07-01,2.6,3.72223996346903,4.0593378883627,3.45556998555014,3.69777626461778,3.76585805688208,4.108675002257,4.28710905780352,3.37636560816901,3.64984408711166,3.33326145334432,3.9266595331503,3.48136297397161,2.2884280914848
201708,2017-08-01,2.7,4.00461836723669,4.13995722233533,4.12263012642247,4.22742752774945,4.06029948235498,3.90804982135111,4.19232884170697,3.14709465019074,3.77152544245363,3.69982302541931,4.24054356436177,3.9887552458076,3.47560121929826
201709,2017-09-01,2.8,4.12731302063949,4.53425441736897,4.21116492034881,4.40377775229968,4.14148068231288,4.42888482877086,4.64136480902158,2.97374320272119,3.82658317758584,3.66488650987313,4.2896195236934,4.11157273708704,3.21296550908929
201710,2017-10-01,2.8,4.20370466682713,4.59079380075138,4.14334494087745,4.7755418789412,4.51564921569068,4.15904568890508,4.9289810563401,3.28966049087747,3.7560121750275,3.76138568619402,4.27161605634252,4.1808747217525,3.63922511206665
201711,2017-11-01,2.8,4.001231673047,4.3245634833649,4.07513007219402,4.25035084524783,4.49288856129593,4.00512098981862,5.01919009212297,3.11445525490737,3.77739535430384,3.60349939703128,3.89387873975366,4.04085078223988,3.51399211177255
201712,2017-12-01,2.7,4.1605375530527,4.84733491872809,4.02876982950739,4.1434329085104,4.61438677817296,4.14871649311785,5.17202993218384,3.5037407008512,3.91965574614477,3.52665900909868,3.83286327372394,4.23868542753612,3.38573688977639
201801,2018-01-01,2.7,3.94068657698659,4.42875147550761,3.52080887177795,4.0038788949234,4.75885665065863,4.37117409958356,4.51195070200372,3.45101885329733,3.56470185188495,3.34954037233468,3.89650479509271,4.08667975048507,3.20490101367883
201802,2018-02-01,2.5,3.21204126287615,3.62540104299456,2.88665610463532,3.08878226060387,4.13708281792715,3.60995828250168,4.05128347192347,2.76879143942945,3.00798054768172,3.06988555316601,3.00406025703885,3.37945353541236,2.92735778985347
201803,2018-03-01,2.3,2.92846149747925,3.61354335311803,2.6695953968384,2.94973426269429,3.55288413212016,3.58543406274823,3.55842259431229,2.43036734076711,2.95423836598057,2.65848055446398,2.71129287009126,2.88472184139232,2.90292409333661
201804,2018-04-01,2.2,3.03127887219337,3.77401081060924,2.76541198810998,3.07674248046645,3.65415876671795,3.33522671081099,3.8773782451317,2.58769566427184,2.63775375750464,3.05725670572348,3.09644925134123,3.03281335485894,3.38429702605634
201805,2018-05-01,2.3,2.78546908004396,3.42150411619944,2.31498146768689,2.95227480787525,3.19661853225817,3.22813870903116,3.7007736613867,2.34178105712042,2.44175301693039,3.02156968513561,2.54963205875895,2.92264129042548,3.11012188380402
201806,2018-06-01,2.3,2.55366545279732,3.23080791023391,2.01305884998577,2.72494907187291,3.09074733841701,2.80403923644443,3.19982190419805,2.15843912231024,2.27183153726263,2.89987073394011,2.12210325817295,2.57163523680963,3.21631364232478
201807,2018-07-01,2.3,2.51097382754322,3.14482694270262,2.23648349794912,2.58628156894007,2.72812229490038,2.37548319587382,2.88796697436224,2.15519213916424,2.1056636166958,2.58431561657331,2.13451992668663,2.33703917913477,3.16806078596288
201808,2018-08-01,2.4,2.53595866968765,3.41017634182175,1.98815184638048,2.45003955990255,2.91790376407399,2.59607241705866,2.99942296050273,2.2810143885758,2.30162689313878,2.5090240851406,2.27542883100087,2.03336527529927,2.91763717297482
201809,2018-09-01,2.2,2.2358683733291,3.05936153855715,1.58753527815907,1.88930356261028,2.67486544098736,1.97845991017285,2.52844849163423,2.11214677447751,2.23919993857988,2.73885892471901,1.86598033420038,2.03105991974872,2.90580101894944
201810,2018-10-01,2.2,2.04285766716716,2.87213196555067,1.59786124784413,1.51776294632415,2.47073656982362,2.02186276208032,2.13864093830178,1.96588575071641,1.92631466526603,2.36466121839032,1.40551456331695,1.87099262936226,2.47464153626766
201811,2018-11-01,2.2,2.29538201213724,3.04954398133923,1.5883832389076,1.7533859659993,2.61270677186258,2.30655095587988,2.3320936656217,2.10286641560551,2.0451525944809,2.59223101529404,1.47484000885638,2.0569179638219,3.17760757432659
201812,2018-12-01,2,2.10323252120308,2.80635154289948,1.62734956316861,2.00516800215402,2.2989145669926,2.19000152922335,1.84964332889501,1.93291303215712,1.68672366175995,2.55642760717969,1.70604392405467,1.818840100692,3.08916202458935
201901,2019-01-01,1.8,2.07068729713875,2.64054454032245,1.82236507730107,1.91257771875637,2.1848007310503,1.65861975555492,1.68515337664712,1.64162557990695,1.95483666338987,2.35833700159418,1.42621672069272,1.6037813664407,3.00711628278079
201902,2019-02-01,1.8,2.24553188741725,2.92812462426559,2.02794448614263,1.99145046237013,2.1381588578139,1.79223753220148,1.75036839916416,1.78910521455788,1.87217334834084,2.38432003144329,1.2207123939268,1.66394385898396,2.81493797235661
201903,2019-03-01,1.8,2.22079837151377,2.67198410764411,1.63128412471214,2.074197170821,2.35633459668445,2.02717314632814,1.80140170224903,1.71048256410653,1.7694437638698,2.76000153805618,1.48670094245869,1.87473051336966,2.8894743702105
201904,2019-04-01,2,1.85031794838557,2.39592670202113,1.53661590017045,1.68744482204031,2.03460689258459,1.74101793495249,1.25301572867837,1.21692047345952,1.59840465865866,1.76684199610933,1.29934881120071,1.40037745765331,2.5479488995692
201905,2019-05-01,1.9,2.19081554456968,2.65699856803951,2.02702609263892,1.977790674205,1.91243565676991,2.03476349667866,1.68889546669815,1.65496795547633,1.7175018575708,2.35209639097806,1.4142044304607,1.52590210512824,3.28841669127447
201906,2019-06-01,1.9,2.49150102379516,2.67733660061575,2.21890508706646,2.28153228983268,2.22514470864559,2.52587308448526,1.68269561164247,2.11156098663776,2.09697240229489,2.50710077858052,1.82614049974186,1.97765623733512,3.83860063508639
201907,2019-07-01,2,2.4960666592879,2.5257367712382,2.10300237130117,2.33772895597595,2.3325049705512,2.60181509343234,1.82636756871886,1.83803034594081,2.14521093442421,2.61643919061547,1.94224758247927,2.24863512662936,3.73919871748127
201908,2019-08-01,1.7,2.42754235319411,2.44531203187477,1.99379669172519,2.08419589236848,2.00832214933837,2.71542837933585,1.81495505181015,1.87811137100344,2.20604196365954,2.6834773645851,1.58378036670404,2.06967224995338,3.63827012060065
201909,2019-09-01,1.7,2.45720512915222,2.5310173800821,1.95749326188406,2.04415437586023,2.02001237822527,2.69253359637849,1.51214171116996,2.36248749003971,2.01382474743899,2.51518447786352,2.3834399130914,1.96443726644224,3.7315864720173
201910,2019-10-01,1.5,2.51647830644235,2.52829630239064,2.09698537832306,2.24519394862288,1.93286775004158,2.78429321896407,1.66525959255577,2.36625105666315,2.25383712449305,2.71714780408163,2.47157208306901,1.83871145751073,3.61336074710266
201911,2019-11-01,1.5,2.49824502128002,2.65732959908762,2.10504588736784,2.09549642647966,2.03269263695174,2.88404008168082,1.6000591694479,2.49208311112104,2.06661558156327,2.65639377577214,2.58182736428412,1.87551879219447,3.2814888541145
201912,2019-12-01,1.4,2.29207135249685,2.17365054456957,1.89981369159384,1.66173588033351,1.8892720178926,2.18087214760527,1.78224442684944,2.08043481011329,2.23307380975093,2.6446579883765,2.5068182632866,1.61590146745738,2.88415029247802
202001,2020-01-01,1.8,2.41556766360678,2.39868759575386,2.11213854211427,1.95180467885878,1.98862555914172,2.87647959147883,1.96026792792126,2.43137972247529,2.35792237904231,2.58736776781068,2.80420177563676,1.95944801170769,3.35871326972255
202002,2020-02-01,1.7,2.37300764180417,2.23046659670862,1.81792474128637,2.003519290445,1.83060209597155,2.77910406149993,2.03941755914498,2.49064016836069,2.49596245327139,2.57336378963235,2.87512020232039,1.89476531632757,3.49070795962845
202003,2020-03-01,1.5,2.22580166891491,1.97053304077586,1.85197329001077,1.58090707328817,1.52690562341586,2.39651210494225,1.78086336356134,2.69724064647772,2.37966270640939,2.69533470721222,2.74473172310703,1.57867624668548,2.98918959832428
202004,2020-04-01,0.9,2.58498649106957,1.82675668887917,1.66433758095736,2.17010646984535,1.72376132725074,3.13780631613689,1.88655252058105,3.40078730183206,2.20643054245486,4.18925466271016,3.12783254028486,2.07431057384038,3.67559333059009
202005,2020-05-01,0.7,2.44423415965016,2.0312125547685,1.74703283946329,1.89122232341441,1.77301886257841,3.04130525726298,2.00500698138655,3.28763707597683,2.31852637980725,3.38730774864628,3.42609799875822,1.99507982120222,2.90792635028636
202006,2020-06-01,0.8,2.2230708658546,1.97405854505639,1.75018573979522,1.66279245615368,1.33431589679009,2.63671983343994,2.2711845092342,3.20603683937353,2.10872547961138,2.91904288141809,2.8428149640624,1.6831823104148,2.31840552821934
202007,2020-07-01,1.1,2.69512573867268,2.16715962410832,2.28850335404067,2.13943199890465,1.9951997312375,3.21972701559443,2.70620513262678,3.73786203950601,2.61307840061691,3.63763865670823,2.98298705423818,2.23661914905959,2.71123284023858
202008,2020-08-01,0.5,2.14393240371948,2.90374370369899,1.72005994106375,1.89679342825784,1.44424232787221,1.77194289380866,2.55231735982737,2.73834084546001,1.68089316199265,2.27826833918381,3.08527924807205,1.99183410026107,1.9194353749328
202009,2020-09-01,0.7,2.70052449256577,3.33059875116155,2.7001930521998,2.77774653743827,1.84295949838038,2.26981727219686,3.1586137176824,2.62497342986885,1.90020538127611,2.42049634283839,2.74541477757151,2.27924610348895,3.27439037688131
202010,2020-10-01,0.9,2.83963863653207,3.52248282649219,2.81441559465059,2.57669446124318,1.98441523327992,2.34648146445025,3.0994378445391,2.77288435807224,2.3510197060558,2.5339297685181,3.09988387492608,2.33854358913084,4.02434843884556
202011,2020-11-01,0.6,2.20561811226285,2.6907890134201,1.90563362645315,2.10980773065494,0.990231419656551,1.63004632491335,2.30708601973395,2.31568503585893,1.81034519216416,2.01547434620506,2.74875883949326,1.72876820050207,3.82761748126059
202012,2020-12-01,0.8,2.48667838408461,2.86430630825876,2.16475770193429,2.1464549114764,1.51394462847692,2.37768687955202,2.64608236554182,2.54135814686376,1.80102799248454,2.24292720732864,2.85640029992322,1.96825124025604,4.14687556245472
202101,2021-01-01,0.9,2.64631225686074,2.95642109348202,2.20734324555387,2.56399636637743,1.64436181234067,2.11514507843462,3.02717290740244,3.14395976671114,1.56674249707232,2.38303862633531,3.21717764470288,2.10715028844515,3.96182372635843
202102,2021-02-01,0.7,2.53306432799374,2.69440376552967,2.30117856953651,2.10622678653904,1.62233469930768,1.88132423687344,2.65988288089705,2.70276416493758,1.18182107449594,2.65292316029435,3.02472148817392,2.10060016884457,3.94537285783274
202103,2021-03-01,1,2.70055869075354,3.16041574645241,2.61969985067709,2.16459803022355,1.59859681583474,2.44883277128625,3.0680737880469,2.5585646042148,1.21871240046472,2.31467983928884,2.98170548895649,2.44418096657038,4.05750676791288
202104,2021-04-01,1.6,3.0690718362,3.86150859232623,3.11000190823043,2.34793500363693,2.60986946546555,2.45825238520327,3.50258426235568,2.53735352068922,2.16651833456918,2.01647016704067,3.34365316725218,2.84689394876838,3.75423044495273
202105,2021-05-01,2.1,3.30289448510095,3.8615934822535,2.98626513276441,2.5415610924747,3.1459871617237,2.61995882410648,3.78606635744423,2.45829860675137,2.4599162204733,2.43586292022002,3.26665372141541,3.16568710468756,4.49846455104972
202106,2021-06-01,2.4,3.71235655445392,4.50084623701437,3.38144908799083,3.33755376975871,3.74914918907232,3.12729042517175,4.06876569869774,2.48378267599154,2.69074327366174,2.93408366964272,4.10391062732529,3.50009891961822,4.79523991541617
202107,2021-07-01,2.1,3.29058830473554,4.44986930251579,3.20760979345287,2.70956933657074,3.14562695202927,2.64844363642567,3.65687433058375,2.19887282265316,2.32031158441381,2.32246228326889,3.69774907058764,3.10759936700886,4.44388006910805
202108,2021-08-01,3,3.92922717258424,3.78732373735351,3.80083699046232,3.03947407454863,3.80817464183143,4.24547865214913,4.45829322941158,3.30101490955341,3.20424790484277,3.72156145672224,3.44995597194784,3.72163723352608,4.8247640907283
202109,2021-09-01,2.9,3.38812122929568,3.42868486449426,2.76490719373992,2.44659578792559,3.40332675582724,3.76813211175178,4.45679689047112,3.19896310626828,2.90388947902969,3.08516275913269,3.41076894956414,3.33056582221616,3.62571391042474
202110,2021-10-01,3.8,3.82828578600745,3.86125878084085,3.2400243680782,3.03077623601231,3.78113796077164,4.56373488429496,4.91024207132922,3.77954275057037,3.0127805823553,3.5642757042142,3.87938416259124,4.0068827701911,3.24400998650725
202111,2021-11-01,4.6,4.73806667483208,5.0189078455696,4.37398349694644,4.02879394183875,5.24121034525793,5.53968783407788,6.17368085196854,4.33671318182476,4.05038675682456,4.25033974150544,4.64826299296901,4.7868858351896,3.86326695297761
202112,2021-12-01,4.8,5.13656675892173,5.67579377352909,4.79886731334001,4.64708880636808,5.35183854327215,5.97654636940406,6.32845402980711,4.85358714664923,4.64972747398993,4.27325429760852,4.81324777692962,5.31553163966325,4.54072202076903
202201,2022-01-01,4.9,5.37587425238202,5.90183067731462,5.19943833462786,5.01179690693434,5.69032302088395,6.07916196378417,6.62323795854003,4.7679705202923,5.16727102381154,4.5923324005358,4.74347331072478,5.4471692241391,5.10272194473564
202202,2022-02-01,5.5,6.08691408100552,6.9560838165426,6.06427708120321,5.92839152516744,6.3635704928225,7.02596767028782,7.60381326515798,5.99156783627268,5.95305148623466,4.79495052453898,5.64066817240605,5.99902101904741,5.57660081395175
202203,2022-03-01,6.2,6.79929972866138,7.43490117031058,6.52795525680414,6.77771752501684,7.26641973233635,7.75685647808195,8.25977815885777,6.62103080651988,6.90069353527958,5.66097003600987,6.5852486959634,6.8268845672752,6.34987367473099
202204,2022-04-01,7.8,6.98464423311804,7.79472421637057,6.74214488089127,6.88274291004931,7.12235144346887,7.96743802935986,8.67710824637473,6.90729288301903,6.94527211732949,5.9291157495742,6.05891814324435,6.92062104911995,6.91180673200191
202205,2022-05-01,7.9,7.41349025612255,7.98497713274526,7.41262400144491,7.60415515655262,7.33439468667176,8.59061854102565,8.98010572209012,7.35773748484303,7.2683765510251,6.56677919699458,6.75288342319453,7.34032330282879,6.90298867300023
202206,2022-06-01,8.2,7.87054203935524,8.16697638845141,7.89704496783525,7.77360542333578,8.14115008533312,8.82987346400481,9.25198015452633,8.04474517597427,7.79181256844808,7.31097580779152,6.65612510166134,7.87783912397768,6.88938702183728
202207,2022-07-01,8.8,8.86211044635199,9.07212873852341,8.66090535263968,8.78144215118437,9.02872466490408,10.0318106752039,10.3140728588774,8.92133859527169,8.63364907464741,8.39276669595617,7.99634793381996,8.58590082456166,7.73894332731597
202208,2022-08-01,8.6,9.32444650374664,9.19400909587644,9.07762086322552,9.55288548236737,9.6325158123536,10.290056534474,10.4332604669209,9.44730128670126,9.21896923122301,9.04287749618804,8.92818828442044,8.69187738501756,8.71768352436943
202209,2022-09-01,8.8,9.71864177168698,9.58055267171583,9.58581080280896,9.95054085779217,10.1449924782459,10.5625004588882,10.4156014949285,9.85882956256761,9.58134091466445,9.45977622415088,9.08000281546928,9.3726625004829,9.03918114843858
202210,2022-10-01,9.6,10.0953563253525,9.985916701666,10.0244033172388,10.1869036680117,10.4785244489367,10.2498075323038,11.0661988494394,10.0622133397521,10.0990835632727,9.66526892104953,9.71222531459124,9.71458420906219,9.89060453226847
202211,2022-11-01,9.3,10.0110137760865,9.82819315891259,9.93989281819758,10.4373291525764,10.0221019173218,9.98140754447172,10.3670827134808,10.3796812525193,10.1530756866628,9.52781447159749,9.51066962434113,9.77997399360444,9.48714303984264
202212,2022-12-01,9.2,10.1385542685516,9.96046593889481,10.0597179706892,10.6335233498752,10.4824828368173,10.2970427819969,10.5876422900496,10.379693555359,10.070702947347,9.70560457775926,9.91039117925301,9.73680262919121,9.03674095183964
202301,2023-01-01,8.8,10.1150459825655,9.99990471028036,9.88207981495743,10.1788246082496,10.3804634545925,10.5765753966574,10.5237227575971,10.2950200541225,9.89032772676677,9.82217965011842,9.74868244642513,9.68250213951425,8.98688948817203
202302,2023-02-01,9.2,10.7462629964747,10.7307429412766,10.7947000444574,10.7209361479521,11.3118809832296,10.9128863410445,10.6568104774938,10.6958838143042,10.5854569755623,10.4817176461429,10.6161677910571,10.4179987271608,9.42437200666097
202303,2023-03-01,8.9,10.8285024189035,10.6526601405728,10.7713128715547,10.9142863455044,11.3196071180953,11.0061234572598,11.4123143505604,10.9657449603394,10.9122826969935,10.647478097057,10.7221452964839,10.3584099499606,9.6191886114787
202304,2023-04-01,7.8,10.9636139161876,10.7662768818899,11.0470362414553,10.7380090133642,11.2624089301896,11.3197077348487,11.2740482393322,11.0558099351963,11.2531597722833,10.6007164481305,11.3016144114569,10.7233657845449,10.459103116138
202305,2023-05-01,7.9,10.7027422450466,10.8600483996708,10.3902508190962,10.5828191610993,11.0777780569302,10.8084863131617,10.8687739166491,11.2732278943574,10.8612363591929,10.6344331522087,10.8967228691161,10.3172935181295,10.1931890665013
202306,2023-06-01,7.3,10.1104992118097,10.6066609404561,9.83444684950394,10.1390732291891,10.4023035878724,9.95186584049728,10.4648602936775,10.5669439162239,10.3265126085166,9.73606687408168,10.9000286212375,9.72324962900972,9.84566485984111
202307,2023-07-01,6.4,9.51020069737942,9.89638883268475,9.1366344935105,9.47963129659395,9.89043030562677,9.66029190277944,10.1172336063118,10.2325658420455,9.77315340822829,9.11153123897299,10.393819708427,9.19940982974852,9.40333290892974
202308,2023-08-01,6.3,8.93017056960881,9.31074268653929,8.79159853050801,8.6079198273008,9.4966285802808,9.33696973189764,9.60223868832295,9.6130239969201,9.35826949679073,8.65813873157251,9.8342667634296,8.69356327515096,8.35690880111679
202309,2023-09-01,6.3,8.43343918168708,8.93653141568316,8.39868284595418,8.28066005888397,8.90524822376528,9.06449421765476,8.89739087983159,8.67144511171507,8.8035180255174,8.6303568669889,9.48310637166734,8.29557985257347,8.31224458649073
202310,2023-10-01,4.7,7.63386602821416,8.08027828065951,7.56325861306619,7.56135795007291,8.14915282367568,8.37576458342744,8.03982118908248,7.68411532528375,7.80648889118314,8.16699041324425,8.61601600902731,7.44357226279917,7.21024272722528
202311,2023-11-01,4.2,7.05775980061367,7.63015206088153,7.07700938542974,6.56575153804264,7.54558557717402,8.13438893926475,7.71649084087489,7.02897768729678,7.27254973205687,7.47899262067591,7.88474118179869,6.70620790051817,6.54869413257317
202312,2023-12-01,4.2,6.84741180651987,7.37191316756181,6.71018110036614,6.30206965907045,7.20895898136378,7.59569637263062,7.50969875646919,6.92818135169586,7.04130582137774,7.58169177130295,7.63766142665139,6.77185895141399,6.81437765326713
202401,2024-01-01,4.2,6.19297309388471,6.5918004268481,6.1654839410217,5.79995048064375,6.72535507512495,6.8291752424515,6.66371157635517,6.08542206762952,7.0543651742409,6.76772893460393,7.47694233135889,6.29217580805892,5.75931589919774
202402,2024-02-01,3.8,5.22425280937391,5.15936121068366,4.79473267424186,4.79979123358827,5.48016104291247,6.29184866860137,6.1210460078438,5.41147398409074,5.83304154420494,5.96531841395478,6.37500478748654,5.42412676554471,5.23557792647389
202403,2024-03-01,3.8,4.58929888183732,4.83650981674848,4.46345829790429,4.0175058286376,4.7709410158695,4.71641857213301,5.12331853979324,4.74449499014631,4.98390680524334,5.35858387159276,5.82713249759217,4.50751070850968,4.94587642703401
202404,2024-04-01,3,4.03094717526604,4.21807154914917,3.96016745427858,3.72807187871425,4.2520628718778,4.16819364780341,4.92496700418661,4.40567662028024,3.98362502929277,4.60089121534593,5.39178592852763,3.64149472943753,3.77728955976833
202405,2024-05-01,2.8,3.51152918640216,3.23212247604758,3.73068860107058,3.2305514935248,3.61287392953678,3.87627168974984,4.29607585345697,3.57557250005529,3.46148795359971,4.14733129025839,4.97119828048294,3.26165138552081,3.37991797173067
202406,2024-06-01,2.8,3.3768735411517,2.83085276551351,3.24624610946782,2.9967000734259,3.41772876555937,4.44796884526246,4.32440814906019,3.35277619930234,3.25985065433465,4.00724961569372,4.48501428348731,2.92596322822436,3.45603561734056
202407,2024-07-01,3.1,3.20472916029071,2.6286372007897,3.26955440138561,2.69536231569281,3.12480140366238,3.69631530307921,3.78277222559935,3.01307203022285,3.02114031178493,4.06439146676201,4.21350421176594,3.02156161239966,3.47157783701004
202408,2024-08-01,3.1,2.88237707535215,2.48569682372051,2.6769925825362,2.58394200171201,2.46483116921166,3.08739612464466,3.45619337234766,2.53115970234599,2.59441606266129,3.23462375137917,3.51121496476745,3.12004194019087,3.71346494849134
202409,2024-09-01,2.6,2.84747301994532,2.35711637864233,2.5845767158909,2.29074883603795,2.56172167020983,2.93284833062593,3.87646040867746,2.78702860639595,2.68158073574458,2.83387397681254,3.71999002115415,2.79502173954653,3.21742475162845
